,Open_x,High_x,Low_x,Close_x,Volume_x,Daily%Change,2D%Change,3D%Change,4D%Change,5D%Change,6D%Change,7D%Change,Dir,2Dir,3Dir,4Dir,5Dir,6Dir,7Dir,date,TICKER,SD
0,15.300000190734863,17.239999771118164,14.550000190734863,15.899999618530273,15380000,-0.7490688876681251,9.428767451731645,5.36778964712914,1.8577832686176743,-5.187840283156531,,,0,1,1,1,0,0,0,2021-01-08,CLOV,3.4135280749074366
1,15.930999755859375,15.930999755859375,14.75,14.979999542236328,13793300,-5.786164140669248,-6.491890672970202,3.0970393498632065,-0.7289636132488564,-4.0358752613516735,-10.67382746968658,,0,0,1,0,0,0,0,2021-01-11,CLOV,1.6478828690075773
2,14.859999656677246,15.449999809265137,14.270000457763672,14.619999885559082,15606600,-2.4032020539267784,-8.050312979123886,-8.739079476905488,0.6194091826695836,-3.114647198649667,-6.342087078103731,-12.820515882629257,0,0,0,1,0,0,0,2021-01-12,CLOV,2.7159132579240493
3,14.5600004196167,14.770000457763672,13.800000190734863,14.0,13886000,-4.240765324297213,-6.542053218848276,-11.949683422105018,-12.609240949083322,-3.647623831461788,-7.223327644572352,-10.313899372755985,0,0,0,0,0,0,0,2021-01-13,CLOV,1.1482425958197908
4,14.149999618530273,14.520000457763672,13.569999694824219,14.010000228881836,13765600,0.07143020629882812,-4.172364305418186,-6.475296014659849,-11.88678889932666,-12.546817549607137,-3.578799130390775,-7.157057076111684,1,0,0,0,0,0,0,2021-01-14,CLOV,1.8339869525541301
5,13.869999885559082,14.180000305175781,13.100000381469727,13.239999771118164,13851400,-5.496077410307986,-5.428573063441688,-9.439125343660326,-11.615486143455545,-16.729559190127752,-17.353312154858603,-8.878182970133064,0,0,0,0,0,0,0,2021-01-15,CLOV,1.547585343616882
6,13.6899995803833,14.279999732971191,13.270999908447266,13.75,13329600,3.851965541527824,-1.8558188767609063,-1.7857142857142905,-5.950751657791908,-8.210945125654556,-13.522010503853144,-14.169790217849688,1,0,0,0,0,0,0,2021-01-19,CLOV,1.4851373633324714
7,13.890000343322754,14.329999923706055,13.609999656677246,13.729999542236328,9519200,-0.14545787464488313,3.7009046796741885,-1.9985773167104037,-1.9285746983119467,-6.087553695549975,-8.344459534031401,-13.647799549409868,0,1,0,0,0,0,0,2021-01-20,CLOV,0.6326206043010439
8,13.78499984741211,13.930000305175781,13.329999923706055,13.59000015258789,7794600,-1.0196605558344674,-1.1636352539062478,2.6435074586120377,-2.9978591679685196,-2.928570338657921,-7.045141867535676,-9.279034927399788,0,0,1,0,0,0,0,2021-01-21,CLOV,0.7266676049843145
9,13.449999809265137,14.140000343322754,13.210000038146973,13.550000190734863,11562000,-0.29433378516490194,-1.3109931354895465,-1.4545440673828125,2.341392937883091,-3.2833692407704285,-3.214284351893837,-7.318739419971621,0,0,0,1,0,0,0,2021-01-22,CLOV,1.6195775195752273
10,14.260000228881836,14.949999809265137,13.609999656677246,13.930000305175781,16187000,2.8044288493866754,2.5018406826371242,1.4566698441919712,1.309093128551142,5.211484486297269,-0.5710201456038067,-0.49999782017299266,1,1,1,1,1,0,0,2021-01-25,CLOV,2.79464932917021
11,14.010000228881836,15.880000114440918,13.850000381469727,15.760000228881836,25700200,13.137113306638671,16.309963151573335,15.967623634505411,14.785147518765784,14.618183482776992,19.0332364148587,12.491077597503164,1,1,1,1,1,1,1,2021-01-26,CLOV,2.8149907704914807
12,15.399999618530273,16.84000015258789,13.949999809265137,14.25,22931100,-9.581219587259927,2.2971980460425367,5.166050180159987,4.856510963956295,3.7873304814325826,3.6363636363636376,7.628400652128842,0,1,1,1,1,1,1,2021-01-27,CLOV,2.687846476329128
13,14.779999732971191,15.449999809265137,13.5,14.069999694824219,17912600,-1.2631600363212758,-10.723353486762743,1.0050207220485108,3.8376346625066393,3.532005421978779,2.4763304000264608,2.3272705078124956,0,0,1,1,1,1,1,2021-01-28,CLOV,3.235831388083432
14,14.050000190734863,14.699999809265137,13.600000381469727,13.949999809265137,12310600,-0.8528776699492369,-2.1052644963850065,-11.484774069353666,0.14357145478256506,2.9520266634666337,2.649004066484073,1.6023326610612232,0,0,0,1,1,1,1,2021-01-29,CLOV,1.2992947732474383
15,14.130000114440918,14.399999618530273,13.5,13.8100004196167,10178500,-1.0035798678323604,-1.8478982291887491,-3.087716353567027,-12.373095056759965,-0.8614492672659568,1.918820850346692,1.6188393271424184,0,0,0,0,0,1,1,2021-02-01,CLOV,1.0697839040199888
16,14.369999885559082,14.399999618530273,13.90999984741211,13.970000267028809,11088900,1.1585795984830893,0.1433724590475416,-0.7107280025897666,-1.9649104068153789,-11.357867613305405,0.28714975575532264,3.0996315157333365,1,1,0,0,0,1,1,2021-02-02,CLOV,1.09920219741859
17,14.069999694824219,14.248000144958496,13.829999923706055,13.949999809265137,8780100,-0.14316719671706446,1.0137536958331417,0.0,-0.8528776699492369,-2.1052644963850065,-11.484774069353666,0.14357145478256506,0,1,0,0,0,0,1,2021-02-03,CLOV,0.4029151336935103
18,12.239999771118164,13.100000381469727,11.859999656677246,12.229999542236328,69155500,-12.32975118670927,-12.45526622429013,-11.44099079921842,-12.32975118670927,-13.077471162026766,-14.175441808867873,-22.39848118895592,0,0,0,0,0,0,0,2021-02-04,CLOV,3.369780041984845
19,12.529999732971191,13.069999694824219,11.300000190734863,12.930000305175781,66575300,5.723636869502724,-7.311824502046981,-7.444523564595595,-6.372194697336164,-7.311824502046981,-8.102341253552382,-9.263155753152407,1,0,0,0,0,0,0,2021-02-05,CLOV,4.580824059430575
20,13.039999961853027,13.130000114440918,12.164999961853027,12.369999885559082,34018200,-4.331016290792622,1.1447289334661326,-11.326164482501788,-11.453116327033685,-10.42723019770614,-11.326164482501788,-12.082443824718048,0,1,0,0,0,0,0,2021-02-08,CLOV,1.1863355404968752
21,12.619999885559082,13.699999809265137,12.399999618530273,13.15999984741211,30417300,6.386418505753455,1.7788053890784639,7.604254619667183,-5.663082241250894,-5.7981417618753746,-4.706738250936493,-5.663082241250894,1,1,1,0,0,0,0,2021-02-09,CLOV,1.7737914387969593
22,13.180000305175781,13.25,12.34000015258789,12.5,17265800,-5.015196467056926,1.0509306034245158,-3.3256016630073493,2.2076898435786863,-10.394264007818077,-10.522550028135779,-9.485882547518843,0,1,0,1,0,0,0,2021-02-10,CLOV,1.5923260179139433
23,12.380000114440918,12.479999542236328,11.760000228881836,12.010000228881836,14699000,-3.9199981689453156,-8.7385990263246,-2.910264025931919,-7.1152363076563585,-1.7988497268109027,-13.906807217981576,-14.030064428651812,0,0,0,0,0,0,0,2021-02-11,CLOV,1.3257421591529976
24,11.925000190734863,12.390000343322754,11.75,12.079999923706055,9652800,0.5828450748558867,-3.3600006103515656,-8.206686445505051,-2.344381281616481,-6.573862037184009,-1.2264891589917837,-13.405017284065401,1,0,0,0,0,0,0,2021-02-12,CLOV,0.9128084960933492
25,12.199999809265137,12.229999542236328,11.399999618530273,11.489999771118164,18245000,-4.884107254256365,-4.329728957982592,-8.080001831054684,-12.689970331742428,-7.113986439629983,-11.13689481879746,-6.050693367261162,0,0,0,0,0,0,0,2021-02-16,CLOV,0.9266450000170293
26,11.130000114440918,11.539999961853027,11.050000190734863,11.319999694824219,13279700,-1.479548126025776,-6.291392662928708,-5.7452166603485395,-9.440002441406248,-13.98176423953168,-8.488279712602498,-12.451667226234264,0,0,0,0,0,0,0,2021-02-17,CLOV,1.1891942657882404
27,11.109999656677246,11.241000175476074,10.510000228881836,10.829999923706055,15000000,-4.328620002898087,-5.744124112788218,-10.347682184558405,-9.825148065676947,-13.360000610351562,-17.705166798799354,-12.449474341958933,0,0,0,0,0,0,0,2021-02-18,CLOV,2.2048742965184065
28,10.800000190734863,11.3100004196167,10.550000190734863,10.979999542236328,16930800,1.3850380386608796,-3.003534997826429,-4.438644378077338,-9.105963480273394,-8.576192065080445,-12.160003662109375,-16.565352055110203,1,0,0,0,0,0,0,2021-02-19,CLOV,1.7368576603541337
29,11.0,11.670000076293945,10.979999542236328,11.079999923706055,13030900,0.9107503245793236,2.3084026016728654,-2.1201393779886613,-3.56831902157827,-8.278145747646725,-7.743549437570385,-11.360000610351562,1,1,0,0,0,0,0,2021-02-22,CLOV,1.7018335239496363
30,10.619999885559082,10.880000114440918,9.680000305175781,10.130000114440918,18013200,-8.574005557821152,-7.741343016689129,-6.463525523512603,-10.512364067707514,-11.836376708168517,-16.142382628980112,-15.653622636241627,0,0,0,0,0,0,0,2021-02-23,CLOV,3.140079031910276
31,10.156999588012695,10.489999771118164,10.050000190734863,10.34000015258789,8457300,2.073050698662926,-6.678698341278033,-5.828774283519566,-4.524466985873121,-8.657240005796185,-10.00870009955065,-14.403971706188102,1,0,0,0,0,0,0,2021-02-24,CLOV,1.0547591587680774
32,10.300000190734863,10.569999694824219,9.5600004196167,9.710000038146973,15351700,-6.09284434375218,-4.146101397325852,-12.36461999090739,-11.56648048302824,-10.341642598791589,-14.22261219153016,-15.49172992540424,0,0,0,0,0,0,0,2021-02-25,CLOV,1.0936591230738515
33,9.920000076293945,10.0,9.15999984741211,9.399999618530273,16535900,-3.192589272902402,-9.090914121721305,-7.206322681773569,-15.162457732344937,-14.389799540777137,-13.204065699443069,-16.961131873279257,0,0,0,0,0,0,0,2021-02-26,CLOV,2.5036346444809436
34,9.970000267028809,10.819999694824219,9.8100004196167,10.369999885559082,19560700,10.319152195672876,6.797114776716939,0.29013280975322964,2.36919810865579,-6.407942626677299,-5.5555526603692895,-4.2474611393123585,1,1,1,1,0,0,0,2021-03-01,CLOV,2.8256442472575154
35,9.850000381469727,9.850000381469727,9.0,9.039999961853027,31920200,-12.825457457894174,-3.8297837370926735,-6.900103745229291,-12.572535508227233,-10.760119844757266,-18.411552129060716,-17.66848507525689,0,0,0,0,0,0,0,2021-03-02,CLOV,4.10057047854301
36,8.989999771118164,9.279999732971191,8.020000457763672,8.289999961853027,25552400,-8.296460212000534,-20.05785869489346,-11.80850746513965,-14.624099595420127,-19.82592031414806,-18.16387099507394,-25.180505244261987,0,0,0,0,0,0,0,2021-03-03,CLOV,3.0632038902656515
37,8.079999923706055,8.270000457763672,6.929999828338623,7.289999961853027,29250600,-12.062726231623222,-19.35840716133458,-29.701060344225848,-22.44680576920228,-24.922760729007898,-29.497100055375824,-28.035539195496174,0,0,0,0,0,0,0,2021-03-04,CLOV,2.0189277353446746
38,7.619999885559082,7.960000038146973,6.309999942779541,7.840000152587891,27624300,7.54458427452529,-5.428224503448009,-13.274334229301921,-24.397297597798296,-16.595739672873467,-19.258495141220898,-24.177949353069405,1,0,0,0,0,0,0,2021-03-05,CLOV,6.266403305090416
39,7.9070000648498535,8.119999885559082,7.300000190734863,7.349999904632568,14706600,-6.250003041053242,0.8230444868793985,-11.338963347960561,-18.69469097734422,-29.122468797054335,-21.80850847968684,-24.304841650286747,0,1,0,0,0,0,0,2021-03-08,CLOV,1.4337535066376976
40,7.559999942779541,8.380000114440918,7.428999900817871,8.1899995803833,13962900,11.42856716530427,4.4642783288706855,12.345673844167004,-1.2062772247272036,-9.402659126731816,-21.0221825384162,-12.872341353734662,1,1,1,0,0,0,0,2021-03-09,CLOV,3.14130844100077
41,8.300000190734863,8.600000381469727,8.0,8.109999656677246,13634700,-0.9768000952975697,10.340132815044845,3.443871158602363,11.24828119499448,-2.1712944029440795,-10.287614038718962,-21.793637934644895,0,1,1,1,0,0,0,2021-03-10,CLOV,1.7246627075247765
42,8.359999656677246,8.84000015258789,8.300000190734863,8.670000076293945,9389800,6.905060953432107,5.86081221616106,17.959186242021662,10.586733514693636,18.9300428211544,4.583837348486286,-4.09291910531423,1,1,1,1,1,1,0,2021-03-11,CLOV,1.5515225727742623
43,8.40999984741211,8.949999809265137,8.220000267028809,8.90999984741211,6492900,2.768163425677317,9.86436775094306,8.791212502053769,21.224489292799873,13.647955025498625,22.222220768671974,7.478888883136925,1,1,1,1,1,1,1,2021-03-12,CLOV,1.8573440471214753
44,8.899999618530273,9.079999923706055,8.470000267028809,8.875,9329400,-0.3928153536643997,2.364474301062325,9.432803646211042,8.363863915908043,20.748300886456516,13.201528409032859,21.742113119903017,0,1,1,1,1,1,1,2021-03-15,CLOV,2.1965932746518537
45,8.869999885559082,9.069999694824219,8.414999961853027,8.609999656677246,8385100,-2.985919361383138,-3.3670055653479913,-0.6920463562711587,6.165228374434428,5.128206322500062,17.14285399174662,9.821422054885897,0,0,0,1,1,1,1,2021-03-16,CLOV,2.309293863285596
46,8.260000228881836,8.875,8.25,8.75,13208400,1.6260203124883965,-1.4084507042253502,-1.795733447274761,0.9227211418924464,7.891496552602439,6.83761231145863,19.047620592281067,1,0,0,1,1,1,1,2021-03-17,CLOV,1.5952211825812859
47,8.630000114440918,8.869999885559082,8.279999732971191,8.470000267028809,12319200,-3.1999969482421897,-1.6260092361312095,-4.5633772729148365,-4.93826698000559,-2.3068028547310937,4.438971955506332,3.4188119779171355,0,0,0,0,0,1,1,2021-03-18,CLOV,1.530742041949013
48,8.5600004196167,8.829999923706055,8.229999542236328,8.510000228881836,19825200,0.47225455244357395,-2.742854527064731,-1.1614335863284087,-4.112673477387762,-4.4893336181868975,-1.8454422837848705,4.932189755091487,1,0,0,0,0,0,1,2021-03-19,CLOV,1.2954859028513452
49,8.4399995803833,8.845000267028809,8.359999656677246,8.789999961853027,10363600,3.2902435421906073,3.7780364195486804,0.45714242117744774,2.0905959622911974,-0.957746908698287,-1.346800085456068,1.3840817128386584,1,1,1,1,0,0,1,2021-03-22,CLOV,0.931935060175328
50,8.59000015258789,8.720000267028809,8.109999656677246,8.270000457763672,12386900,-5.915807808260032,-2.8202087504491047,-2.3612727622179253,-5.485709054129462,-3.948887485145225,-6.816896250550175,-7.182933789099044,0,0,0,0,0,0,0,2021-03-23,CLOV,1.6410861712337597
51,8.1899995803833,8.25,7.639999866485596,7.670000076293945,8895300,-7.2551432679361145,-12.741750744251124,-9.870741833085262,-9.445102308308373,-12.342856270926339,-10.917533308544447,-13.577463929082311,0,0,0,0,0,0,0,2021-03-24,CLOV,1.582412189458089
52,7.302000045776367,7.934999942779541,7.010000228881836,7.820000171661377,8926300,1.9556726711261074,-5.4413574509520775,-11.035265010253358,-8.108108562426219,-7.674144921785764,-10.628569466727122,-9.175371852694635,1,0,0,0,0,0,0,2021-03-25,CLOV,2.6067557557233427
53,7.739999771118164,7.860000133514404,7.25,7.590000152587891,5656000,-2.941176649931232,-1.0430237667573783,-8.222494166096617,-13.651875022444981,-10.810811416568288,-10.389611413195542,-13.257141113281246,0,0,0,0,0,0,0,2021-03-26,CLOV,2.2263937319144085
54,7.389999866485596,7.559999942779541,7.159999847412109,7.340000152587891,4552900,-3.2938075754156637,-6.138107526045101,-4.302476146330192,-11.245468605781273,-16.496016104185063,-13.74853166658112,-13.34120518082712,0,0,0,0,0,0,0,2021-03-29,CLOV,1.6666921147130485
55,7.239999771118164,7.300000190734863,6.894999980926514,7.190000057220459,5227000,-2.04359798704562,-5.270093377152929,-8.056267271245765,-6.258148817456288,-13.0592544227653,-18.20250183818284,-15.511164937240164,0,0,0,0,0,0,0,2021-03-30,CLOV,2.072027896336483
56,7.300000190734863,7.639999866485596,7.230000019073486,7.559999942779541,4816500,5.14603452871345,2.9972722836263843,-0.39525967332320056,-3.3248110380360574,-1.4341607877474072,-8.585253635839884,-13.993174339151981,1,1,0,0,0,0,0,2021-03-31,CLOV,1.5981375705222522
57,7.630000114440918,7.690000057220459,7.321000099182129,7.380000114440918,4261000,-2.3809501283202916,2.642559884678364,0.5449585970229709,-2.766798865944309,-5.626599073679817,-3.780964262951503,-10.761793156701016,0,1,1,0,0,0,0,2021-04-01,CLOV,0.5961632957419656
58,7.519999980926514,7.585000038146973,7.270999908447266,7.5,3472300,1.6260146842582035,-0.7936500427734305,4.311542980701755,2.1798343880919058,-1.185772737530233,-4.092073716583977,-2.2164286128154465,1,0,1,1,0,0,0,2021-04-05,CLOV,0.8650042082443852
59,7.489999771118164,7.840000152587891,7.429999828338623,7.610000133514404,3911200,1.466668446858721,3.116531375432241,0.6613781893294535,5.841447468031191,3.678473778114544,0.26350435473567746,-2.6854224237485846,1,1,1,1,1,1,0,2021-04-06,CLOV,1.492464424173929
60,7.610000133514404,7.659999847412109,7.289999961853027,7.349999904632568,3555200,-3.4165601093329334,-2.0000012715657545,-0.4065069016685574,-2.777778303391931,2.2253107946978545,0.13623640104629686,-3.1620585392675093,0,0,0,0,1,1,0,2021-04-07,CLOV,1.0857228015256477
61,7.349999904632568,9.229999542236328,7.119999885559082,8.850000381469727,76990700,20.4081700176858,16.29435251248377,18.000005086263027,19.918702496391095,17.063497995423237,23.08762602278751,20.572209775083582,1,1,1,1,1,1,1,2021-04-08,CLOV,5.510075696087224
62,8.479999542236328,8.729999542236328,8.039999961853027,8.210000038146973,28369100,-7.231641985720105,11.700682240449577,7.88436128916965,9.466667175292965,11.246611257931294,8.597884924433608,14.18636958009747,0,1,1,1,1,1,1,2021-04-09,CLOV,3.3954683110765096
63,8.079999923706055,8.140000343322754,7.610000133514404,7.820000171661377,10003600,-4.750302858386101,-11.638419948150291,6.3945615391447275,2.7595273910986373,4.26666895548502,5.962060303488115,3.439156492721396,0,0,1,1,1,1,1,2021-04-12,CLOV,1.9736325996551503
64,7.739999771118164,8.0,7.630000114440918,7.809999942779541,4714700,-0.1278801619221892,-4.872108325321189,-11.751416879797604,6.258504001572063,2.628118341080432,4.133332570393877,5.8265558491959135,0,0,0,1,1,1,1,2021-04-13,CLOV,1.0845108834809507
65,7.869999885559082,7.869999885559082,7.409999847412109,7.420000076293945,4996100,-4.993596278398904,-5.115090621314533,-9.62241118370729,-16.15819484222779,0.9523833002672122,-2.496715556990592,-1.066665649414067,0,0,0,0,1,0,0,2021-04-14,CLOV,0.839739519741286
66,7.570000171661377,7.690000057220459,7.110000133514404,7.349999904632568,5824400,-0.9433985302105263,-5.88988529471437,-6.010233461784642,-10.475032028239905,-16.94915719978819,0.0,-3.4165601093329334,0,0,0,0,0,0,0,2021-04-15,CLOV,1.484333125823257
67,7.360000133514404,10.029999732971191,7.230000019073486,8.819999694824219,249097800,19.999997404967807,18.86791919319668,12.932135204154992,12.787717406793742,7.429959242910367,-0.3389907949419291,19.999997404967807,1,1,1,1,1,0,1,2021-04-16,CLOV,8.36218169972233
68,9.619999885559082,10.569999694824219,9.170000076293945,9.670000076293945,236758200,9.63719286712137,31.564628595425216,30.323449822979033,23.815622882737685,23.65728726371028,17.78319161221953,9.265532875469095,1,1,1,1,1,1,1,2021-04-19,CLOV,4.356244497892207
69,9.40999984741211,9.420000076293945,8.359999656677246,8.619999885559082,41659000,-10.85832660238487,-2.2675716120772793,17.278911529319284,16.17250400170478,10.37131816535284,10.230175144967335,4.993907984251944,0,0,1,1,1,1,1,2021-04-20,CLOV,2.9862257961590024
70,8.520000457763672,9.289999961853027,8.069999694824219,9.050000190734863,23876800,4.988402678475112,-6.411580978980702,2.607715463364624,23.12925589333432,21.967656302977435,15.877083956981597,15.728900154386704,1,0,1,1,1,1,1,2021-04-21,CLOV,1.9236704253082595
71,9.079000473022461,9.420000076293945,8.479999542236328,8.5,12717000,-6.077350045781637,-1.3921100597706015,-12.099276805200931,-3.628114579323649,15.646260003930168,14.555254886809665,8.834827942071556,0,0,0,0,1,1,1,2021-04-22,CLOV,0.685218796451628
72,8.550000190734863,9.300000190734863,8.510000228881836,8.770000457763672,12228800,3.1764759736902626,-3.0939196361326804,1.7401458723437235,-9.307131452218155,-0.566884793543565,19.319735667426375,18.19407503488879,1,0,1,0,0,1,1,2021-04-23,CLOV,3.4130511450358236
73,8.979999542236328,9.449999809265137,8.84000015258789,9.220000267028809,12273100,5.131126405663666,8.470591376809523,1.8784538421113606,6.960561362360296,-4.653565726109077,4.535154036788902,25.442182131425795,1,1,1,1,0,1,1,2021-04-26,CLOV,2.902352194749603
74,9.3100004196167,9.670000076293945,9.020000457763672,9.239999771118164,8484600,0.21691435477366738,5.359170910172795,8.7058796602137,2.099442832916365,7.1925741739017335,-4.446745623404169,4.761905791679455,1,1,1,1,1,0,1,2021-04-27,CLOV,0.7365040926718663
75,9.460000038146973,11.229999542236328,9.359999656677246,10.5,86442400,13.636366451222969,13.882860042298862,19.726333545454278,23.529411764705888,16.022097002269753,21.809746396753972,8.58324629945768,1,1,1,1,1,1,1,2021-04-28,CLOV,4.640416232543243
76,11.239999771118164,11.770000457763672,9.90999984741211,10.170000076293945,68334900,-3.142856416248141,10.064938617019447,10.303685268452579,15.963506789682302,19.64705972110523,12.375689082368279,17.981440966508,0,1,1,1,1,1,1,2021-04-29,CLOV,4.464512119880997
77,9.880000114440918,10.470000267028809,9.720000267028809,9.850000381469727,17439400,-3.1465063168498064,-6.19047255743117,6.6017383707980715,6.832972843762608,12.314707723304409,15.882357429055617,8.839780926788055,0,0,1,1,1,1,1,2021-04-30,CLOV,1.0772150997668548
78,10.1899995803833,10.579999923706055,9.210000038146973,9.289999961853027,15999100,-5.68528322770624,-8.652901748665464,-11.523809887114023,0.5411276187597958,0.7592157570162072,5.929298482864098,9.294117198270913,0,0,0,1,1,1,1,2021-05-03,CLOV,1.6587907511634192
79,9.255000114440918,9.350000381469727,8.550000190734863,9.0600004196167,10100100,-2.4757754917197117,-8.020303870639555,-10.914450819569133,-13.714281717936194,-1.9480449779240905,-1.7353562123449962,3.30672687247473,0,0,0,0,0,0,1,2021-05-04,CLOV,1.54916570767727
80,9.079999923706055,9.130000114440918,8.71500015258789,8.84000015258789,6653600,-2.4282589055124593,-4.843916158373995,-10.253809033164051,-13.077678601067632,-15.809522356305806,-4.32900030777672,-4.121476176088823,0,0,0,0,0,0,0,2021-05-05,CLOV,1.7010482520484398
81,8.711000442504883,8.789999961853027,8.130000114440918,8.229999542236328,8476000,-6.900459274007886,-9.161157162677991,-11.410122970606196,-16.44670839080391,-19.075717989223197,-21.61905197870164,-10.930738678574803,0,0,0,0,0,0,0,2021-05-06,CLOV,1.7070127855784316
82,8.390000343322754,8.914999961853027,8.25,8.619999885559082,6507400,4.738765067012141,-2.488690760535839,-4.8565178110249185,-7.212056825028279,-12.487314195688537,-15.240906382566122,-17.904762994675405,1,0,0,0,0,0,0,2021-05-07,CLOV,2.613693842666271
83,8.75,8.755000114440918,8.1850004196167,8.260000228881836,6204000,-4.176330179311794,0.36452841208003406,-6.561084996545629,-8.83002377133123,-11.087187698607293,-16.14213290366031,-18.78072598902215,0,1,0,0,0,0,0,2021-05-10,CLOV,1.4335803159528326
84,7.659999847412109,8.234999656677246,7.539999961853027,8.130000114440918,8188700,-1.5738512208069988,-5.684452176606769,-1.2150599435906795,-8.031674501036312,-10.264903555215588,-12.486543080466605,-17.46193096869877,0,0,0,0,0,0,0,2021-05-11,CLOV,3.5173306273251668
85,7.96999979019165,8.244999885559082,7.7129998207092285,7.78000020980835,7664000,-4.305041816799992,-5.811138084417033,-9.744775950147833,-5.467792921719905,-11.990949371977422,-14.12803698150935,-16.25403399617976,0,0,0,0,0,0,0,2021-05-12,CLOV,0.9591818313726672
86,7.920000076293945,7.949999809265137,7.079999923706055,7.260000228881836,9648800,-6.683804201842348,-10.701105452799986,-12.10653719479825,-15.77725840757408,-11.786140550512291,-17.873301995854753,-19.867550853943726,0,0,0,0,0,0,0,2021-05-13,CLOV,1.932540440664801
87,7.3520002365112305,7.684999942779541,7.184999942779541,7.46999979019165,7968600,2.8925558497145953,-3.9845811215516114,-8.118085054844482,-9.564169694909664,-13.341068568852354,-9.234505398747128,-15.497741388558406,1,0,0,0,0,0,0,2021-05-14,CLOV,1.4685785218544647
88,7.590000152587891,7.929999828338623,6.590000152587891,6.820000171661377,38562000,-8.701467694600796,-6.060606657697399,-12.339331777095431,-16.113160200977774,-17.43341425325109,-20.881667491819922,-17.132435589319773,0,0,0,0,0,0,0,2021-05-17,CLOV,3.925800009053402
89,6.769999980926514,7.199999809265137,6.599999904632568,6.96999979019165,16185700,2.1994078409785844,-6.693440616377478,-3.994496274759074,-10.411316166746643,-14.268146468888931,-15.617438292308794,-19.1415326829835,1,0,0,0,0,0,0,2021-05-18,CLOV,1.5684527942948745
90,6.739999771118164,6.909999847412109,6.519000053405762,6.840000152587891,9210400,-1.8651311551931227,0.2932548449136041,-8.433730325280187,-5.785124835438637,-12.082262620448114,-15.867157979022217,-17.191283740269004,0,1,0,0,0,0,0,2021-05-19,CLOV,1.0997202186046982
91,6.869999885559082,7.179999828338623,6.760000228881836,7.130000114440918,9340400,4.239765429585662,2.295557088458211,4.545453592034487,-4.551535278450247,-1.7906351286842925,-8.354756784555972,-12.300122828088888,1,1,1,0,0,0,0,2021-05-20,CLOV,0.9844864491097423
92,7.127999782562256,7.300000190734863,6.920000076293945,6.929999828338623,7435600,-2.8050530559911135,1.315784703845102,-0.5738875617947059,1.612898151151354,-7.2289153550186835,-4.545459919276595,-10.925454480041275,0,1,0,1,0,0,0,2021-05-21,CLOV,0.8048160969679787
93,6.920000076293945,7.039999961853027,6.820000171661377,6.920000076293945,5711100,-0.14429656987560158,-2.945302030523733,1.1695895017749036,-0.7173560316036998,1.4662742245680649,-7.362780847997774,-4.683197546403606,0,0,1,0,1,0,0,2021-05-24,CLOV,0.8067497778328443
94,6.960000038146973,7.230000019073486,6.920000076293945,7.019999980926514,5745100,1.4450853111279693,1.2987035327166385,-1.5427788464072112,2.6315763789935165,0.7173628728830872,2.9325484491361298,-6.024094001394764,1,1,0,1,1,1,0,2021-05-25,CLOV,1.2958997223484479
95,7.079999923706055,7.550000190734863,6.974999904632568,7.329999923706055,8083000,4.4159536128463905,5.924853220979842,5.772007291136205,2.805046368233044,7.163739184022888,5.164994897431785,7.478002041170617,1,1,1,1,1,1,1,2021-05-26,CLOV,1.3014863436857673
96,7.400000095367432,8.100000381469727,7.119999885559082,7.829999923706055,31641300,6.821282472090395,11.538460754705525,13.150286667330002,12.98701468486465,9.817668976573724,14.47368054141931,12.33859626114504,1,1,1,1,1,1,1,2021-05-27,CLOV,2.8640061124425094
97,8.0600004196167,8.199999809265137,7.510000228881836,7.639999866485596,13836200,-2.4265652499588897,4.2291943520622155,8.831907225692802,10.404621130831714,10.245311049555772,7.152871582873299,11.69590198905226,0,1,1,1,1,1,1,2021-05-28,CLOV,1.5938192052330826
98,7.650000095367432,7.96999979019165,7.570000171661377,7.730000019073486,8800200,1.1780124890144794,-1.277138002643008,5.457027278728699,10.113960684844114,11.705201356202032,11.54401458227241,8.41514579245719,1,0,1,1,1,1,1,2021-06-01,CLOV,0.8683938864697153
99,7.789999961853027,8.890000343322754,7.659999847412109,8.739999771118164,34883700,13.065973474159653,14.397904762511061,11.621964958862897,19.23601448960468,24.501421579272442,26.300573334660026,26.11832593960488,1,1,1,1,1,1,1,2021-06-02,CLOV,1.4978441307673669
100,10.010000228881836,10.460000038146973,8.550000190734863,8.9399995803833,48726800,2.288327397056089,15.653293121917011,17.01570335884974,14.176240964148912,21.964524876328095,27.350421718995243,29.190743956915966,1,1,1,1,1,1,1,2021-06-03,CLOV,3.3241486146855643
101,9.168999671936035,9.479999542236328,8.970000267028809,9.0,16049900,0.6711456647979785,2.974831071975781,16.429495184900865,17.801049179075502,14.942529855609088,22.783084497627005,28.20512855346422,1,1,1,1,1,1,1,2021-06-04,CLOV,1.3525877094773173
102,9.46500015258789,12.0,9.350000381469727,11.920000076293945,125343900,32.44444529215495,33.33334044499896,36.38444380381194,54.2043990540982,56.02094613356521,52.23499607203104,62.61937517547997,1,1,1,1,1,1,1,2021-06-07,CLOV,5.623569959580501
103,16.635000228881836,24.93000030517578,16.31999969482422,22.149999618530273,735483700,85.82214326140294,146.1111068725586,147.76287089692008,153.432496551387,186.5459193256918,189.92146604210984,182.88633249496064,1,1,1,1,1,1,1,2021-06-08,CLOV,28.788149015105198
104,28.0,28.850000381469727,16.799999237060547,16.920000076293945,371777100,-23.611736488974966,41.94630845635492,88.00000084771051,89.26175470322006,93.59268328824295,118.88745193459869,121.46597345527384,0,1,1,1,1,1,1,2021-06-09,CLOV,4.803981346854785
105,18.09000015258789,18.110000610351562,13.90999984741211,14.34000015258789,155520600,-15.248226430689016,-35.259591875607455,20.302013932925654,59.333335028754334,60.40269379937786,64.07323258720501,85.51099763524547,0,0,1,1,1,1,1,2021-06-10,CLOV,4.761897251724888
106,14.600000381469727,16.260000228881836,13.430000305175781,15.029999732971191,142806000,4.811712503774124,-11.170214744684138,-32.14446956289165,26.09060097962834,66.99999703301324,68.12081027331305,71.96796483494995,1,0,0,1,1,1,1,2021-06-11,CLOV,3.006462533087277
107,14.649999618530273,16.049999237060547,13.600000381469727,14.65999984741211,96497900,-2.4617424626257045,2.2315180712635385,-13.356975287773476,-33.81489796890187,22.986575113932872,62.88888719346788,63.98210889830449,0,1,0,0,1,1,1,2021-06-14,CLOV,6.421695932877359
108,14.520000457763672,15.470000267028809,13.680000305175781,13.770000457763672,53251700,-6.070937236780027,-8.38322885956857,-3.9748932270503023,-18.61701893810056,-37.83295397330866,15.520137329100692,53.000005086263016,0,0,0,0,0,1,1,2021-06-15,CLOV,0.9613129736387237
109,13.569999694824219,13.729999542236328,12.5,12.949999809265137,40173200,-5.954979093963719,-11.664393287485842,-13.83898842754585,-9.693168260335794,-23.463358446381122,-41.53498856753293,8.640937301834551,0,0,0,0,0,0,1,2021-06-16,CLOV,2.261142258452969
110,12.960000038146973,13.619999885559082,12.5,12.5600004196167,30706000,-3.011578342799748,-8.787218576051403,-14.324689288220682,-16.433794791999055,-12.412829247076129,-25.768319367716185,-43.2957081899485,0,0,0,0,0,0,0,2021-06-17,CLOV,1.8060263659895703
111,12.71399974822998,13.449999809265137,12.020000457763672,12.039999961853027,34165300,-4.140130894832728,-7.02702595224014,-12.563547119820552,-17.871759296242995,-19.89354507145482,-16.03905276332783,-28.841608111326934,0,0,0,0,0,0,0,2021-06-18,CLOV,1.3663422796630023
112,12.170999526977539,12.25,11.15999984741211,11.239999771118164,32480200,-6.644519877654043,-10.509558952218711,-13.204633693689672,-18.373279611759685,-23.328786574971684,-25.216234392465985,-21.61785459193514,0,0,0,0,0,0,0,2021-06-21,CLOV,2.0512057561929793
113,11.789999961853027,13.949999809265137,11.609999656677246,12.630000114440918,154157500,12.366551348999488,4.900333508780896,0.5573223924012716,-2.4710401508675983,-8.278869320443704,-13.847201596864556,-15.968061617894868,1,1,1,0,0,0,0,2021-06-22,CLOV,7.520576406259087
114,13.949999809265137,14.539999961853027,13.109999656677246,13.829999923706055,152247800,9.501186052192345,23.04270645310018,14.867109364820429,10.11146068200619,6.795367779166428,0.43572595459540064,-5.661663931412475,1,1,1,1,1,1,0,2021-06-23,CLOV,4.241855916542286
115,14.989999771118164,15.100000381469727,13.51200008392334,13.789999961853027,101689000,-0.2892260453629003,9.184480102148118,22.686834899118402,14.534883766981888,9.7929896587843,6.48648776030798,0.14523967628541357,0,1,1,1,1,1,1,2021-06-24,CLOV,2.202369326341618
116,13.430000305175781,13.779999732971191,12.770000457763672,12.970000267028809,50810200,-5.946335729460229,-6.218363423148809,2.6920043508086744,15.391463800168225,7.724255050850082,3.264329886261441,0.15444369156949467,0,0,1,1,1,1,1,2021-06-25,CLOV,1.8263143943095286
117,13.050000190734863,13.385000228881836,12.600000381469727,12.800000190734863,36178100,-1.310717600570177,-7.179113661035375,-7.447575839864362,1.3460021754043483,13.879007574583868,6.3122942798155,1.9108261393313564,0,0,0,1,1,1,1,2021-06-28,CLOV,1.066771059302651
118,12.710000038146973,14.4399995803833,12.539999961853027,13.359999656677246,73090600,4.374995762482348,3.006934322429111,-3.1182038170071147,-3.3984112047837356,5.77988547602355,18.861209330328865,10.963452649555183,1,1,0,0,1,1,1,2021-06-29,CLOV,3.1350854422059062
119,13.600000381469727,14.170000076293945,13.170000076293945,13.319999694824219,34028200,-0.2994009197675007,4.06249606516218,2.698530613643446,-3.408268805866277,-3.687637250146636,5.4631795259793225,18.505337776347087,0,1,1,0,0,1,1,2021-06-30,CLOV,2.0105932752941977
120,13.210000038146973,13.25,12.260000228881836,12.329999923706055,24126400,-7.432430884385455,-7.709579037724035,-3.671877031447335,-4.9344666934950325,-10.587382466901662,-10.845987044648098,-2.3752984007644473,0,0,0,0,0,0,0,2021-07-01,CLOV,1.3702700970479618
121,12.163999557495117,12.199999809265137,11.300000190734863,11.710000038146973,30831600,-5.028385153247649,-12.087084786517277,-12.35029686326088,-8.515626065200177,-9.714727856135031,-15.08339325206608,-15.328994195619494,0,0,0,0,0,0,0,2021-07-02,CLOV,2.5251144806444454
122,11.109999656677246,11.15999984741211,9.960000038146973,10.0,76125000,-14.602903779474008,-18.89699868713155,-24.92492320487273,-25.149698675313502,-21.875001164153197,-22.898999274339893,-27.48368362826121,0,0,0,0,0,0,0,2021-07-06,CLOV,3.8942481577849244
123,10.470000267028809,10.470000267028809,9.609999656677246,9.720000267028809,35594800,-2.799997329711912,-16.99402019330025,-21.167880558208086,-27.02702335041547,-27.245505113686054,-24.062499045394368,-25.057825235839537,0,0,0,0,0,0,0,2021-07-07,CLOV,1.5663323788978623
124,9.380000114440918,9.668999671936035,9.1899995803833,9.359999656677246,30389500,-3.7037098812920832,-6.400003433227541,-20.06832086946431,-24.087593555605714,-29.729730697259093,-29.940120529874605,-26.875003771856377,0,0,0,0,0,0,0,2021-07-08,CLOV,0.6045683537434006
125,9.569999694824219,9.609999656677246,9.130000114440918,9.270000457763672,28691800,-0.9615299381915077,-4.629627540151205,-7.299995422363281,-20.836887894403578,-24.817514070370184,-30.405400374252743,-30.613767245640744,0,0,0,0,0,0,0,2021-07-09,CLOV,0.9320313750011582
126,9.149999618530273,10.0,8.859999656677246,9.680000305175781,49812000,4.422867606966863,3.4188104726077917,-0.4115222299809096,-3.1999969482421897,-17.33560825241829,-21.492292254076162,-27.327323371207278,1,1,0,0,0,0,0,2021-07-12,CLOV,2.322141682246412
127,9.40999984741211,9.515999794006348,8.770000457763672,8.90999984741211,39649500,-7.954549932730492,-3.8835015380183746,-4.807690446271707,-8.333337421443288,-10.90000152587891,-23.91118857056762,-27.7372270677678,0,0,0,0,0,0,0,2021-07-13,CLOV,1.8552841382229903
128,8.944999694824219,9.25,8.569999694824219,8.680000305175781,26250100,-2.5813641546035604,-10.330578186710504,-6.36461837597605,-7.264950603030906,-10.699587790967547,-13.199996948242188,-25.875317874470895,0,0,0,0,0,0,0,2021-07-14,CLOV,1.5046621918197352
129,8.300000190734863,8.729999542236328,7.949999809265137,8.260000228881836,29125800,-4.838710386260059,-7.295169805407619,-14.669421813289496,-10.89536331183194,-11.752131069905447,-15.02057611149905,-17.399997711181637,0,0,0,0,0,0,0,2021-07-15,CLOV,1.6290964918243096
130,8.399999618530273,8.520000457763672,8.109999656677246,8.199999809265137,17391800,-0.72639731179307,-5.5299594358818815,-7.968575199843475,-15.28926083937524,-11.542616997417776,-12.393161217528325,-15.637864362202357,0,0,0,0,0,0,0,2021-07-16,CLOV,1.0323795950783707
131,7.869999885559082,8.380000114440918,7.670000076293945,8.300000190734863,20086800,1.2195168755581687,0.4842610259641944,-4.377881348855805,-6.846236443588937,-14.256199079901355,-10.46386428402416,-11.324781034433041,1,1,0,0,0,0,0,2021-07-19,CLOV,1.2823756720238135
132,8.199999809265137,8.5,7.920000076293945,8.350000381469727,24279400,0.6024119227211244,1.829275313337253,1.0895901948428266,-3.801842305342773,-6.285067065461658,-13.739668200164413,-9.924487927327341,1,1,1,0,0,0,0,2021-07-20,CLOV,2.2989220802538126
133,8.402999877929688,9.09000015258789,8.319999694824219,8.880000114440918,30192500,6.347301901295288,6.987950727440917,8.292686841375918,7.506051675291681,2.304145187021245,-0.3366973455101063,-8.26446451976982,1,1,1,1,1,0,0,2021-07-21,CLOV,1.1568039919018531
134,9.449999809265137,9.449999809265137,8.399999618530273,8.619999885559082,44877800,-2.927930467692408,3.2335268473584255,3.855417921332438,5.121952269064556,4.358349233677683,-0.6912490496218227,-3.2547695490394157,0,1,1,1,1,0,0,2021-07-22,CLOV,1.1523446285708934
135,8.350000381469727,8.4399995803833,7.96999979019165,8.050000190734863,28133900,-6.612525549787163,-9.346845867223408,-3.5928164913695326,-3.012048123553901,-1.8292636831624076,-2.5423732727353765,-7.258065579390083,0,0,0,0,0,0,0,2021-07-23,CLOV,2.14205720083994
136,8.043000221252441,8.520000457763672,7.921999931335449,8.199999809265137,19174100,1.8633492543629337,-4.872390740950738,-7.65766099563383,-1.7964139563091508,-1.20482384544226,0.0,-0.72639731179307,1,0,0,0,0,0,0,2021-07-26,CLOV,2.103082696971026
137,8.055999755859375,8.25,7.840000152587891,8.050000190734863,14958400,-1.8292636831624076,0.0,-6.612525549787163,-9.346845867223408,-3.5928164913695326,-3.012048123553901,-1.8292636831624076,0,0,0,0,0,0,0,2021-07-27,CLOV,1.4928637849178443
138,8.069999694824219,8.430000305175781,7.96999979019165,8.319999694824219,16262700,3.3540310272304197,1.4634132725648952,3.3540310272304197,-3.480280681180148,-6.306310950447058,-0.359289644011096,0.24095787505740152,1,1,1,0,0,0,1,2021-07-28,CLOV,1.040679987782206
139,8.289999961853027,8.460000038146973,8.140000343322754,8.220000267028809,9345900,-1.201916243550094,2.1118021399503473,0.2439080271815719,2.1118021399503473,-4.64036686590199,-7.432430618314944,-1.5568875269684201,0,1,1,1,0,0,0,2021-07-29,CLOV,0.904293658324476
140,8.109999656677246,8.319999694824219,8.029999732971191,8.069999694824219,7460600,-1.824824420094684,-3.0048078025233904,0.24844103870176326,-1.5853672861556811,0.24844103870176326,-6.380512738245714,-9.121626229480029,0,0,1,0,1,0,0,2021-07-30,CLOV,0.33893668700134016
141,8.133000373840332,8.5,7.980000019073486,8.149999618530273,19707900,0.9913249904750732,-0.8515893701283028,-2.0432702227104693,1.2422288872800724,-0.6097584377790843,1.2422288872800724,-5.45243936506532,1,0,0,1,0,1,0,2021-08-02,CLOV,1.5401776012120856
142,8.300000190734863,8.59000015258789,8.029999732971191,8.119999885559082,17597200,-0.36809490031118886,0.6195810734284324,-1.216549613396456,-2.4038439495322916,0.8695614057846246,-0.9756088483765968,0.8695614057846246,0,1,0,0,1,0,1,2021-08-03,CLOV,0.7172035065701189
143,8.149999618530273,8.15999984741211,7.880000114440918,7.920000076293945,12343500,-2.463051872954136,-2.8220804049289616,-1.8587314027592505,-3.6496372383124087,-4.807687899064572,-1.6149082156611816,-3.4146309693180887,0,0,0,0,0,0,0,2021-08-04,CLOV,0.3398511801088669
144,7.939000129699707,8.199999809265137,7.849999904632568,8.130000114440918,10743200,2.6515156076265978,0.12315552983714895,-0.24539269969882094,0.7434996516193282,-1.0948923316814185,-2.2836488864476423,0.9937878485783314,1,1,0,1,0,0,1,2021-08-05,CLOV,0.7090014626915897
145,8.050000190734863,8.149999618530273,7.980000019073486,8.069999694824219,7400900,-0.7380125310222696,1.893934559158028,-0.6157659044279784,-0.9815942018471135,0.0,-1.824824420094684,-3.0048078025233904,0,1,0,0,0,0,0,2021-08-06,CLOV,0.5041568507579915
146,8.149999618530273,8.84000015258789,8.081999778747559,8.8100004196167,25819600,9.169773888183519,8.364087276800047,11.237377964006502,8.497543642638972,8.098169717527504,9.169773888183519,7.177617194909791,1,1,1,1,1,1,1,2021-08-09,CLOV,1.7709115652558525
147,9.109999656677246,9.229999542236328,8.149999618530273,8.40999984741211,30104400,-4.540301397874313,4.213137118282084,3.444031107377743,6.186865737347991,3.571428151972933,3.1901870067660543,4.213137118282084,0,1,1,1,1,1,1,2021-08-10,CLOV,2.550298868518507
148,8.40999984741211,8.428999900817871,8.015000343322754,8.130000114440918,33452500,-3.329366683132007,-7.71850479895172,0.7434996516193282,0.0,2.6515156076265978,0.12315552983714895,-0.24539269969882094,0,0,1,0,1,1,0,2021-08-11,CLOV,1.2247714166006363
149,9.520000457763672,9.649999618530273,8.579999923706055,9.010000228881836,146920100,10.824109496355572,7.134368517906164,2.27014528648386,11.648086364371203,10.824109496355572,13.762628056664639,10.960595515593097,1,1,1,1,1,1,1,2021-08-12,CLOV,3.609957347214107
150,8.739999771118164,8.899999618530273,8.199999809265137,8.220000267028809,39432500,-8.76803486997323,1.1070129313778043,-2.2592102714694695,-6.696936713807333,1.8587432202852971,1.1070129313778043,3.787881159658335,0,1,0,0,1,1,1,2021-08-13,CLOV,2.80590033512077
151,8.289999961853027,8.569999694824219,7.929999828338623,8.489999771118164,25267600,3.2846653931672964,-5.771370083840777,4.428039995199962,0.9512476237520051,-3.632243283280767,5.204462108757157,4.428039995199962,1,0,1,1,0,1,1,2021-08-16,CLOV,1.5745086915896185
152,8.319999694824219,8.529999732971191,8.010000228881836,8.170000076293945,21117900,-3.7691366719798336,-0.608274806698228,-9.322975929514898,0.4920044439111093,-2.8537428712560042,-7.264475741654941,1.2391621468568648,0,0,0,1,0,0,1,2021-08-17,CLOV,1.5321433475888622
153,8.210000038146973,8.239999771118164,8.010000228881836,8.050000190734863,13664400,-1.468786835232394,-5.182562923972278,-2.0681273816477996,-10.65482812164269,-0.9840088878222075,-4.2806143068840115,-8.626562913545255,0,0,0,0,0,0,0,2021-08-18,CLOV,1.1874192566981734
154,7.980000019073486,8.074999809265137,7.409999847412109,7.559999942779541,27607500,-6.086959457706442,-7.466341833758106,-10.954061877626398,-8.02920076409962,-16.093232511296442,-7.011072123466688,-10.107014507189637,0,0,0,0,0,0,0,2021-08-19,CLOV,1.8498164742299508
155,7.659999847412109,7.880000114440918,7.559999942779541,7.75,17207100,2.5132282891341173,-3.7267103556115178,-5.140759759753455,-8.71613417041004,-5.717764619960219,-13.984463894272348,-4.674048082311122,1,0,0,0,0,0,0,2021-08-20,CLOV,1.0176109964994442
156,7.809999942779541,8.239999771118164,7.690999984741211,8.119999885559082,16209300,4.774192071730088,7.407406706588526,0.8695614057846246,-0.611997432900202,-4.35806708520502,-1.216549613396456,-9.877916989056557,1,1,1,0,0,0,0,2021-08-23,CLOV,1.588100145839653
157,8.149999618530273,9.100000381469727,8.074999809265137,8.920000076293945,37674700,9.85221923657431,15.096775177986398,17.989419891640644,10.807451738453455,9.179926474862565,5.064785827657903,8.515812488144325,1,1,1,1,1,1,1,2021-08-24,CLOV,1.6989419591453183
158,8.774999618530273,9.109999656677246,8.545000076293945,8.729999542236328,26763800,-2.1300508120237427,7.512311148699546,12.64515538369455,15.476185295136657,8.447196712915716,6.854338564417839,2.826852503984867,0,1,1,1,1,1,1,2021-08-25,CLOV,1.2136300037950072
159,8.569999694824219,8.888999938964844,8.430000305175781,8.489999771118164,16055500,-2.7491384158387255,-4.820631182712232,4.556648901154592,9.548384143460176,12.301585124042935,5.465833167180767,3.916764893953051,0,0,1,1,1,1,1,2021-08-26,CLOV,0.9458483809671873
160,8.458000183105469,8.729999542236328,8.340999603271484,8.609999656677246,13641400,1.4134262519924334,-1.3745692079193628,-3.4753409973679927,6.03448002492708,11.096769763577363,13.888885209589796,6.956514940048253,1,0,0,1,1,1,1,2021-08-27,CLOV,0.6845213104796006
161,8.579999923706055,8.65999984741211,8.270000457763672,8.479999542236328,14454600,-1.5098736309484106,-0.11778832922770821,-2.863688580858259,-4.932741371011595,4.433493371317443,9.41934893208165,12.16930696322911,0,0,0,0,1,1,1,2021-08-30,CLOV,1.2066941230962354
162,8.359999656677246,8.6899995803833,8.3100004196167,8.579999923706055,13485800,1.1792498451403732,-0.3484289682628039,1.0600724972226638,-1.7182087788729539,-3.811660870850042,5.6650251801734,10.709676434916826,1,0,1,0,0,1,1,2021-08-31,CLOV,0.880733708578375
163,8.5,8.649999618530273,8.420000076293945,8.470000267028809,12606800,-1.2820472920206383,-0.11791598758603694,-1.6260092361312095,-0.2355654255420725,-2.978227821772794,-5.04484086789494,4.31034958623806,0,0,0,0,0,0,1,2021-09-01,CLOV,0.4188759905688611
164,8.470000267028809,9.09000015258789,8.430000305175781,8.869999885559082,26022200,4.7225455244358505,3.379952965404742,4.599060900655472,3.0197472618968213,4.475855414432717,1.6036695379584298,-0.5605402500807766,1,1,1,1,1,1,0,2021-09-02,CLOV,1.6614526039985575
165,9.15999984741211,9.460000038146973,8.619999885559082,8.84000015258789,29540200,-0.33821570866120476,4.3683574249623325,3.0303057248691756,4.245290445577354,2.6713182936340063,4.122501659662947,1.2600299670048276,0,1,1,1,1,1,1,2021-09-03,CLOV,0.9719715679356214
166,9.010000228881836,11.130000114440918,9.010000228881836,10.800000190734863,175897200,22.171945750172718,21.758741038068585,27.508853013571333,25.87412921642427,27.358499690280745,25.43554728668569,27.208486241366092,1,1,1,1,1,1,1,2021-09-07,CLOV,3.970653624184915
167,10.359999656677246,10.399999618530273,9.199999809265137,9.449999809265137,78017600,-12.5000033113691,6.900448485837063,6.538894376428694,11.570242164586176,10.139858896214227,11.438683011685669,9.756099722216028,0,1,1,1,1,1,1,2021-09-08,CLOV,4.382590143139326
168,9.59000015258789,10.170000076293945,9.300000190734863,9.3100004196167,50046000,-1.4814750526362608,-13.79629393336872,5.316745010363122,4.960547234887414,9.917356860751948,8.508164363658022,9.787746723881142,0,0,1,1,1,1,1,2021-09-09,CLOV,2.125576102432702
169,9.09000015258789,9.329999923706055,8.5600004196167,8.59000015258789,28651600,-7.733622283321573,-9.100525651165302,-20.462962954786747,-2.828054249827283,-3.156705034766105,1.416763657330744,0.11655278520696921,0,0,0,0,0,1,1,2021-09-10,CLOV,1.4987219795140303
170,8.649999618530273,8.704999923706055,8.291000366210938,8.369999885559082,17992900,-2.561120641686243,-10.096675528359622,-11.428570851897602,-22.50000242833734,-5.316745010363122,-5.636978652209812,-1.1806420108273041,0,0,0,0,0,0,0,2021-09-13,CLOV,1.0043255629393355
171,8.399999618530273,8.760000228881836,8.220000267028809,8.300000190734863,15292200,-0.8363165565269615,-3.376018122254165,-10.84855191578411,-12.169308378215737,-23.148147739337144,-6.1085967481000925,-6.426152222980452,0,0,0,0,0,0,0,2021-09-14,CLOV,1.2739318009163951
172,8.289999961853027,8.40999984741211,8.09000015258789,8.170000076293945,18114100,-1.5662664030542395,-2.389484014333143,-4.889407087698516,-12.244901094963524,-13.544970992657923,-24.35185248142079,-7.579186252590775,0,0,0,0,0,0,0,2021-09-15,CLOV,0.6397512551021586
173,8.300000190734863,8.619999885559082,8.069999694824219,8.140000343322754,29421400,-0.3671937905880607,-1.927708960666219,-2.747903767993487,-5.238647279063969,-12.567132369067235,-13.862428490823985,-24.629627781803908,0,0,0,0,0,0,0,2021-09-16,CLOV,0.8114561244324204
174,8.170000076293945,8.319999694824219,8.022000312805176,8.3100004196167,22348900,2.0884529376389516,1.7135904775445354,0.1204846825545669,-0.7168395073206768,-3.259601024417169,-10.741138076567037,-12.063485848229739,1,1,1,0,0,0,0,2021-09-17,CLOV,0.4816233475803115
175,7.989999771118164,8.199999809265137,7.735000133514404,7.849999904632568,21838600,-5.5355053159594,-3.5626588017047545,-3.9167707303931265,-5.421690069412555,-6.212664134245438,-8.61467095239089,-15.682067123303522,0,0,0,0,0,0,0,2021-09-20,CLOV,1.7340032689062619
176,7.894999980926514,7.940000057220459,7.71999979019165,7.769999980926514,15609200,-1.0191073207382328,-6.498199896782831,-4.545458805781887,-4.89596195388139,-6.385544549745658,-7.168457739978695,-9.545985530795797,0,0,0,0,0,0,0,2021-09-21,CLOV,0.6897893979893802
177,7.989999771118164,8.130000114440918,7.78000020980835,7.880000114440918,21247100,1.4157031375087392,0.38216828245623,-5.174491979094453,-3.194105871200781,-3.54957110336499,-5.060241766774698,-5.854238683605839,1,1,0,0,0,0,0,2021-09-22,CLOV,1.35186768326835
178,7.929999828338623,8.020000457763672,7.78000020980835,7.900000095367432,15935600,0.2538068608636479,1.6731031500648363,0.6369451126407855,-4.9338183338885955,-2.948405870181503,-3.3047732974929245,-4.819278146691419,1,1,1,0,0,0,0,2021-09-23,CLOV,0.4901153483590915
179,7.853000164031982,7.960000038146973,7.639999866485596,7.730000019073486,15483000,-2.1518996739460006,-1.903554482093739,-0.5148000251121942,-1.5286609811073437,-6.979547187194557,-5.036858807820455,-5.38555756562552,0,0,0,0,0,0,0,2021-09-24,CLOV,0.8268160883503987
180,7.71999979019165,8.199999809265137,7.570000171661377,8.100000381469727,20768600,4.786550601336059,2.531649160606664,2.7918815207329084,4.2471094125261954,3.1847194888451336,-2.527076143717677,-0.4914000020385667,1,1,1,1,1,0,0,2021-09-27,CLOV,0.7893619250970744
181,7.960000038146973,8.029999732971191,7.610000133514404,7.860000133514404,20970000,-2.9629658845988227,1.6817608553705954,-0.5063286249386678,-0.2538068608636368,1.15830312495262,0.1273914522716746,-5.415165624300311,0,1,0,0,1,1,0,2021-09-28,CLOV,1.9824705163097827
182,7.763999938964844,7.809999942779541,7.360000133514404,7.400000095367432,18340300,-5.852417688716949,-8.641978433774856,-4.2690805031279755,-6.329113847646662,-6.09137071196022,-4.761903300738002,-5.732481716331939,0,0,0,0,0,0,0,2021-09-29,CLOV,0.819113602868119
183,7.420000076293945,7.550000190734863,7.230000019073486,7.389999866485596,11987600,-0.13513822639132922,-5.979647061642723,-8.765438043785656,-4.3984495698441535,-6.45569902183799,-6.21827716800849,-4.890606375466245,0,0,0,0,0,0,0,2021-09-30,CLOV,0.9331985869060815
184,7.510000228881836,7.53000020980835,7.25,7.46999979019165,11086700,1.0825429655129337,0.9459418097580885,-4.961836344758108,-7.777784711212121,-3.363521710741202,-5.4430417719606545,-5.2030497245539316,1,1,0,0,0,0,0,2021-10-01,CLOV,0.8310582001052732
185,7.449999809265137,7.449999809265137,7.090000152587891,7.139999866485596,10609300,-4.417669785471146,-3.382949993460427,-3.5135165612308894,-9.160308585222355,-11.851857651517061,-7.632602213869177,-9.620255945661327,0,0,0,0,0,0,0,2021-10-04,CLOV,1.5465102653782339
186,7.127999782562256,7.389999866485596,7.090000152587891,7.239999771118164,7558800,1.4005589146010688,-3.0789829388681356,-2.0297712865692596,-2.1621665160441172,-7.888045189116588,-10.617290985800143,-6.338942389990487,1,0,0,0,0,0,0,2021-10-05,CLOV,1.203074911297349
187,7.124000072479248,7.380000114440918,7.072000026702881,7.360000133514404,6988700,1.6574636214070848,3.0812362905140445,-1.4725523395821116,-0.4059503858348301,-0.5405400180747089,-6.361323047159251,-9.135805100061622,1,1,0,0,0,0,0,2021-10-06,CLOV,0.8873830043046449
188,7.400000095367432,7.570000171661377,7.300000190734863,7.400000095367432,7427300,0.5434777327093299,2.209949299826519,3.6414598563544676,-0.9370776009409054,0.13532109692164784,0.0,-5.852417688716949,1,1,1,0,1,0,0,2021-10-07,CLOV,0.9884101147190439
189,7.409999847412109,8.079999923706055,7.320000171661377,7.849999904632568,30401100,6.081078425213082,6.657605465072036,8.425416475119496,9.94397831125513,5.087016400453859,6.224628504164387,6.081078425213082,1,1,1,1,1,1,1,2021-10-08,CLOV,1.8092356218508063
190,7.889999866485596,8.279999732971191,7.889999866485596,8.0600004196167,17759200,2.6751658284760227,8.918923185723248,9.51087327994442,11.325976166044715,12.885162049504917,7.898268353363802,9.066313467333398,1,1,1,1,1,1,1,2021-10-11,CLOV,1.5777990751879853
191,7.989999771118164,8.220000267028809,7.800000190734863,8.020000457763672,11267800,-0.49627741650823953,2.165612168106912,8.37838316764854,8.96739554723509,10.773490487625281,12.324938483664493,7.362793614722585,0,1,1,1,1,1,1,2021-10-12,CLOV,1.5036489836194327
192,8.010000228881836,8.0649995803833,7.849999904632568,8.050000190734863,7636500,0.3740614870183734,-0.12407231217379522,2.547774376204348,8.78378495933192,9.375000607384276,11.18785145336545,12.745102818848952,1,0,1,1,1,1,1,2021-10-13,CLOV,0.5152898403454336
193,7.96999979019165,8.579999923706055,7.949999809265137,8.119999885559082,18767900,0.8695614057846246,1.2468755871280157,0.7444102086688886,3.4394902446709175,9.729726769090007,10.32608340024279,12.154698097525053,1,1,1,1,1,1,1,2021-10-14,CLOV,0.9145458532199192
194,8.140000343322754,8.140000343322754,7.829999923706055,7.909999847412109,8917100,-2.586207402791285,-1.7391346584548772,-1.371578604401169,-1.8610491860461154,0.7643304905536663,6.8918884523251345,7.47282206413602,0,0,0,0,1,1,1,2021-10-15,CLOV,0.6208896977219086
195,7.889999866485596,8.050000190734863,7.75,7.889999866485596,6289500,-0.25284426437829355,-2.8325125900867,-1.9875816205994545,-1.6209549109468036,-2.109187894300235,0.5095536603691109,6.621618443287791,0,0,0,0,0,1,1,2021-10-18,CLOV,0.6468942483867267
196,7.920000076293945,8.130000114440918,7.699999809265137,7.920000076293945,15199500,0.38023080248430485,0.12642514633054436,-2.463051872954136,-1.6149082156611816,-1.2468874783282846,-1.7369768738723201,0.8917219428253409,1,1,0,0,0,0,1,2021-10-19,CLOV,1.101460422180177
197,7.869999885559082,8.210000038146973,7.829999923706055,7.840000152587891,13270900,-1.0101000370632551,-0.6337099460557605,-0.884951911182652,-3.448272622135795,-2.608696064239502,-2.2443927045108114,-2.7295317068888103,0,0,0,0,0,0,0,2021-10-20,CLOV,1.4958754433934898
198,7.875999927520752,8.039999961853027,7.829999923706055,7.860000133514404,9076600,0.25510179256709176,-0.7575750277974413,-0.38022475892073304,-0.6321076468043585,-3.2019674348403804,-2.3602491020949246,-1.995016397965177,1,0,0,0,0,0,0,2021-10-21,CLOV,0.9113876264087482
199,7.760000228881836,7.76800012588501,7.369999885559082,7.5,15340600,-4.580154292611183,-4.3367365557468895,-5.303031215253206,-4.942964170914632,-5.183310433896504,-7.635466678536707,-6.832300344140185,0,0,0,0,0,0,0,2021-10-22,CLOV,1.4891261257724464
200,7.449999809265137,7.59499979019165,7.420000076293945,7.550000190734863,7882500,0.6666692097981874,-3.944019561243084,-3.69897903327594,-4.671715681753108,-4.3092481812953,-4.551196758809373,-7.019700774108728,1,0,0,0,0,0,0,2021-10-25,CLOV,0.42334966284754805
201,7.550000190734863,7.644999980926514,7.361000061035156,7.380000114440918,8504800,-2.251656582771544,-1.5999984741210893,-6.1068703679381,-5.8673473111493735,-6.818181270848078,-6.463875293724741,-6.700376020166299,0,0,0,0,0,0,0,2021-10-26,CLOV,0.5691058257747433
202,7.389999866485596,7.510000228881836,7.264999866485596,7.269999980926514,6455400,-1.4905166911740264,-3.7086119567514397,-3.0666669209798214,-7.506363136969652,-7.270410211321576,-8.207071832145619,-7.858046844749134,0,0,0,0,0,0,0,2021-10-27,CLOV,0.36329057289294464
203,7.300000190734863,7.630000114440918,7.230000019073486,7.610000133514404,8296200,4.676755893808959,3.116531375432241,0.7947012087916372,1.466668446858721,-3.180661523579631,-2.9336736555746867,-3.9141406539556667,1,1,1,1,0,0,0,2021-10-28,CLOV,1.0907175627178558
204,7.559999942779541,7.699999809265137,7.409999847412109,7.5,6321500,-1.4454682205584213,3.163686653052422,1.6260146842582035,-0.6622541651882585,0.0,-4.580154292611183,-4.3367365557468895,0,1,1,0,0,0,0,2021-10-29,CLOV,0.7721428389343856
205,7.519999980926514,7.840000152587891,7.489999771118164,7.820000171661377,9541000,4.26666895548502,2.7595273910986373,7.565339644812075,5.962060303488115,3.5761585974242616,4.26666895548502,-0.5089053584423131,1,1,1,1,1,1,0,2021-11-01,CLOV,1.43440047687962
206,7.820000171661377,7.829999923706055,7.429999828338623,7.599999904632568,9536300,-2.813302585670774,1.3333320617675781,-0.13140905001821634,4.539201163299023,2.981026921140062,0.6622478494644701,1.3333320617675781,0,1,0,1,1,1,1,2021-11-02,CLOV,1.7038263326572005
207,7.558000087738037,7.96999979019165,7.539999961853027,7.820000171661377,10598700,2.8947403919664216,0.0,4.26666895548502,2.7595273910986373,7.565339644812075,5.962060303488115,3.5761585974242616,1,0,1,1,1,1,1,2021-11-03,CLOV,1.3728938145990457
208,7.809999942779541,7.829999923706055,7.619999885559082,7.690000057220459,5962000,-1.6624055190180287,1.184212548911101,-1.6624055190180287,2.533334096272788,1.0512473364321595,5.777167502006231,4.20054116493771,0,1,0,1,1,1,1,2021-11-04,CLOV,0.667913120626171
209,7.6570000648498535,7.954999923706055,7.53000020980835,7.869999885559082,12705700,2.3406999609787205,0.6393825166257416,3.5526313725601,0.6393825166257416,4.933331807454433,3.4165538434045573,8.25309362045008,1,1,1,1,1,1,1,2021-11-05,CLOV,1.3213739611087039
210,7.940000057220459,8.170000076293945,7.829999923706055,8.029999732971191,18303900,2.033034939501066,4.421322148515361,2.6854163260868535,5.657892549136978,2.6854163260868535,7.066663106282545,5.5190485162688985,1,1,1,1,1,1,1,2021-11-08,CLOV,0.8982806784090417
211,7.789999961853027,7.960000038146973,7.369999885559082,7.53000020980835,17530400,-6.22664433113046,-4.320199246439749,-2.0806221875366404,-3.7084393284791517,-0.921048627665777,-3.7084393284791517,0.40000279744465406,0,0,0,0,0,0,1,2021-11-09,CLOV,2.4396310197327225
212,7.445000171661377,7.460000038146973,7.070000171661377,7.179999828338623,17469300,-4.64807930567952,-10.585304270216444,-8.767472264981379,-6.631992523887897,-8.184147433167954,-5.526316862687519,-8.184147433167954,0,0,0,0,0,0,0,2021-11-10,CLOV,1.367509335101843
213,7.21999979019165,7.269999980926514,7.099999904632568,7.150000095367432,8573800,-0.41782358897539673,-5.0464821228815016,-10.958899960986045,-9.148663286676806,-7.022106083679402,-8.567775723611037,-5.921050196209077,0,0,0,0,0,0,0,2021-11-11,CLOV,0.4706556860670034
214,7.210000038146973,7.28000020980835,7.110000133514404,7.159999847412109,8446500,0.1398566700881121,-0.2785512730456685,-4.913683294647042,-10.83437004346166,-9.021601632419019,-6.892070297329978,-8.439901659350591,1,0,0,0,0,0,0,2021-11-12,CLOV,0.5933679315621668
215,7.28000020980835,7.679999828338623,7.25,7.559999942779541,26775300,5.586593629775094,5.734263523685179,5.292480829053803,0.39840281720198156,-5.853048640360847,-3.9390082247443226,-1.6905086277451353,1,1,1,1,0,0,0,2021-11-15,CLOV,2.491998781403992
216,6.960000038146973,7.159999847412109,6.650000095367432,6.940000057220459,32314700,-8.201056749361957,-3.072622833520955,-2.937063431412179,-3.3426152765479555,-7.835327173289775,-13.57409354915906,-11.817024674232968,0,0,0,0,0,0,0,2021-11-16,CLOV,4.03610256204613
217,6.909999847412109,7.0,6.349999904632568,6.429999828338623,31696400,-7.348706407447725,-14.9470915739909,-10.195531209925035,-10.069933670284914,-10.445682700991677,-14.60823839070946,-19.925279674206784,0,0,0,0,0,0,0,2021-11-17,CLOV,1.357660813481527
218,5.809999942779541,5.829999923706055,5.539999961853027,5.610000133514404,73251600,-12.752717211752863,-19.164263872336818,-25.793648465930964,-21.64804115824015,-21.53846071765525,-21.86629153705009,-25.498008270876426,0,0,0,0,0,0,0,2021-11-18,CLOV,4.20142509018193
219,5.71999979019165,5.869999885559082,5.670000076293945,5.75,29987700,2.4955412326860715,-10.57542529537393,-17.146974746525668,-23.9417983661263,-19.692735718726805,-19.580420653064156,-19.91643262573044,1,0,0,0,0,0,0,2021-11-19,CLOV,0.9903102065577692
220,5.78000020980835,5.78000020980835,5.389999866485596,5.429999828338623,24029100,-5.565220376719604,-3.208561513224406,-15.552099948630616,-21.757928190660657,-28.174604901621116,-24.16201195449429,-24.055947469752013,0,0,0,0,0,0,0,2021-11-22,CLOV,1.087832409711483
221,5.409999847412109,5.507999897003174,5.150000095367432,5.300000190734863,22225000,-2.394100215718331,-7.826083639393677,-5.525845550833175,-17.573867305930058,-23.631121800630538,-29.89417684061194,-25.977649389888178,0,0,0,0,0,0,0,2021-11-23,CLOV,1.6295252680095063
222,5.309999942779541,5.480000019073486,5.230000019073486,5.360000133514404,10886300,1.1320743513260512,-1.2891288588794625,-6.782606373662537,-4.456327879681998,-16.64074219891051,-22.76656931814005,-29.100526797838512,1,0,0,0,0,0,0,2021-11-24,CLOV,1.322503452234155
223,5.28000020980835,5.570000171661377,5.28000020980835,5.409999847412109,12157400,0.9328304599298898,2.07546514563417,-0.3683237856129562,-5.913046131963318,-3.5650674036081353,-15.86314165097047,-22.04611235149082,1,1,0,0,0,0,0,2021-11-26,CLOV,1.8000288652084715
224,5.460000038146973,5.489999771118164,5.050000190734863,5.079999923706055,25122700,-6.099813918921115,-5.223884381225963,-4.150948285122702,-6.445670638992551,-11.652175239894703,-9.44741884482504,-20.995333447487507,0,0,0,0,0,0,0,2021-11-29,CLOV,1.5272263581403172
225,5.0,5.079999923706055,4.710000038146973,4.960000038146973,34301900,-2.362202507112199,-8.317926468711367,-7.462688160516196,-6.415096987774794,-8.655613352670265,-13.739129771356994,-11.586454187127382,0,0,0,0,0,0,0,2021-11-30,CLOV,1.5638619939565483
226,4.960000038146973,5.019999980926514,4.460000038146973,4.46999979019165,23953900,-9.879037181184847,-12.007876824324548,-17.37523260134861,-16.60448360360777,-15.660384352328304,-17.679559272485225,-22.26087321405825,0,0,0,0,0,0,0,2021-12-01,CLOV,1.1016886868984872
227,4.480000019073486,4.630000114440918,4.309999942779541,4.5,19899000,0.6711456647979785,-9.27419424615218,-11.417321504267319,-16.82070005690316,-16.044778210677503,-15.094342678201688,-17.12706920329993,1,0,0,0,0,0,0,2021-12-02,CLOV,1.4440980399872292
228,4.560999870300293,4.560999870300293,4.150000095367432,4.300000190734863,21381600,-4.444440205891931,-3.8031232088603373,-13.306448434195605,-15.354325682787639,-20.5175543065536,-19.77611784282789,-18.867923849288516,0,0,0,0,0,0,0,2021-12-03,CLOV,2.109760897537248
229,4.170000076293945,4.440000057220459,3.9200000762939453,4.329999923706055,18304200,0.6976681776859284,-3.7777794731987835,-3.131988211560821,-12.701615112815245,-14.763779749288785,-19.96303057610391,-19.216421346113044,1,0,0,0,0,0,0,2021-12-06,CLOV,1.1990520282068502
230,4.429999828338623,4.800000190734863,4.420000076293945,4.599999904632568,16235100,6.23556548923494,6.976737223038021,2.222220102945971,2.9082801016271143,-7.258067152130476,-9.44881941500716,-14.972272932077935,1,1,1,1,0,0,0,2021-12-07,CLOV,3.121775339241386
231,4.550000190734863,4.75,4.449999809265137,4.650000095367432,9251000,1.0869606906841245,7.390304325628905,8.13953230482889,3.333335452609587,4.026852653790924,-6.249998798293466,-8.464563677097892,1,1,1,1,1,0,0,2021-12-08,CLOV,0.7290771754299277
232,4.671000003814697,4.7210001945495605,4.409999847412109,4.449999809265137,6417300,-4.3010813333433155,-3.26087170602698,2.7713599924586996,3.4883630669011456,-1.1111153496636272,-0.4474268873658316,-10.282262599989188,0,0,1,1,0,0,0,2021-12-09,CLOV,0.5992240620070907
233,4.539999961853027,4.579999923706055,4.349999904632568,4.420000076293945,6834000,-0.674151331618722,-4.9462368678792945,-3.9130398276171485,2.0785255005468795,2.7906948892152172,-1.7777760823567745,-1.1185618846653589,0,0,0,1,1,0,0,2021-12-10,CLOV,0.7443604367537471
234,4.340000152587891,4.420000076293945,4.125,4.239999771118164,10658400,-4.072405024180603,-4.719102183099899,-8.817211093344513,-7.826090021259679,-2.0785255005468795,-1.3953585338433494,-5.7777828640408035,0,0,0,0,0,0,0,2021-12-13,CLOV,1.7943549092602802
235,4.09499979019165,4.190000057220459,3.9700000286102295,4.039999961853027,13869700,-4.716976888241509,-8.597287508635931,-9.21348011203209,-13.118282172125495,-12.1739120519454,-6.697458821311386,-6.046516682535364,0,0,0,0,0,0,0,2021-12-14,CLOV,1.9467619433710528
236,4.010000228881836,4.190000057220459,3.759999990463257,4.130000114440918,19505800,2.2277265702401294,-2.5943316654528314,-6.561084996545629,-7.191004686291502,-11.182795059392891,-10.21738695512413,-4.618933320764507,1,0,0,0,0,0,0,2021-12-15,CLOV,2.8580580369990276
237,4.179999828338623,4.21999979019165,3.9700000286102295,3.9800000190734863,9807100,-3.631963467578192,-1.4851471125267302,-6.132069954713959,-9.954752253972533,-10.561793490711747,-14.408603495759786,-13.47825866115111,0,0,0,0,0,0,0,2021-12-16,CLOV,1.0651614508070417
238,3.940000057220459,4.304999828338623,3.809999942779541,4.190000057220459,15592600,5.2763828427282,1.452783077892561,3.7128736827668485,-1.179238598980381,-5.2036202512090295,-5.842691307611847,-9.892473735758589,1,1,1,0,0,0,0,2021-12-17,CLOV,1.939888298104424
239,4.059999942779541,4.110000133514404,3.890000104904175,3.9700000286102295,10958500,-5.250597269828483,-0.2512560405862674,-3.874093980560289,-1.7326716312811796,-6.367918799126038,-10.180996378195296,-10.786512387158353,0,0,0,0,0,0,0,2021-12-20,CLOV,1.6268089195972344
240,4.019999980926514,4.130000114440918,3.990000009536743,4.099999904632568,10732300,3.2745560474932267,-2.147974972763944,3.015072487035231,-0.72639731179307,1.485147112526719,-3.3018838217690583,-7.239822763299331,1,0,1,0,1,0,0,2021-12-21,CLOV,0.9983340407918339
241,4.083000183105469,4.218999862670898,4.039999961853027,4.090000152587891,7689900,-0.2438963970067154,3.0226731262686934,-2.3866325362034924,2.763822436865504,-0.9685220519283777,1.2376284952223093,-3.5377270431011354,0,1,0,1,0,1,0,2021-12-22,CLOV,0.8234166464063672
242,4.079999923706055,4.230000019073486,4.050000190734863,4.199999809265137,8830600,2.689478058030037,2.439022120941492,5.793445314795709,0.23865756343954825,5.527632892897949,1.6949078180278576,3.960392300071258,1,1,1,1,1,1,1,2021-12-23,CLOV,0.681930612422053
243,4.159999847412109,4.190000057220459,4.025000095367432,4.050000190734863,7262200,-3.5714196510051366,-0.9779941408490589,-1.2195052453833122,2.0151174193477006,-3.3412855506848915,1.7587982745204123,-1.9370441038567443,0,0,0,1,0,1,0,2021-12-27,CLOV,1.0915621992113393
244,4.017000198364258,4.110000133514404,3.8350000381469727,3.890000104904175,10949100,-3.9506192171723575,-7.38094567711901,-4.889976533550211,-5.121946453977133,-2.0151114138419857,-7.159903298791281,-2.2613043652764286,0,0,0,0,0,0,0,2021-12-28,CLOV,0.9269392275068635
245,3.8499999046325684,3.880000114440918,3.7119998931884766,3.740000009536743,8646500,-3.8560434787218822,-7.65432510120132,-10.95237668139034,-8.557460391039095,-8.780485450476794,-5.793451320301424,-10.73985779327733,0,0,0,0,0,0,0,2021-12-29,CLOV,1.4684683816051158
